id_user,id_role,login,password,birthdate,email
95d165e5-09cd-47af-aa4b-2798d74f5db1,1,samsonkomissarov,_tnu4CHgS)AQ,1958-07-27,karenthompson@example.org
d326758c-1d69-4c1b-964a-2ec1aad2a006,1,laurabrown,R!z4Cpico!2h,1945-05-17,abramovbudimir@example.org
6c6ba6f8-cf54-417f-abc3-1d738414b349,1,ostark,!4X$dmD^!d%G,1950-11-05,smithashley@example.com
785298fc-285d-48cc-83bc-9eaf475d4b97,2,xromero,+2M^CEc)ds50,1974-01-31,boleslavshashkov@example.org
b38c2d79-7861-420b-86ee-f2977d2d5bab,3,stojan_85,Wf42MexSE$#y,1992-12-18,lindawilliams@example.net
f446177c-7c7d-4027-b8e1-d67ce34382db,1,izmail_62,*z+rdY#yd1ZD,1998-12-30,agap_07@example.net
e258022b-30f1-4641-92b1-e4d598276f22,1,danielgutierrez,i)*N1A5k_waa,1975-04-13,diazroy@example.org
db6872ce-722e-4c9f-8f2e-0a220ded6754,1,silinfoma,#4NBp$718&Qw,1993-04-01,larry21@example.net
e9b81d77-5b95-4357-ac8f-c766edf538aa,1,rodriguezjonathan,+6#rmd^hPxeA,2006-06-10,grigori_75@example.net
f8dd2f64-52c7-4cd4-b4dc-8b1d4bf2d743,1,leonid_10,!XBZjn0M(c4@,1966-05-03,noskovvladlen@example.org
66623ebc-aa9c-44a6-8a15-2167e0847939,1,ernst1975,_Z&3Hcz0hbUa,1996-12-15,ckomissarova@example.org
54002d5d-4d30-487f-915d-3bfa281a3726,2,ipotapova,#N_2y(AeE2MA,1955-10-30,jennifer57@example.com
409d3f9a-f59f-4643-b69f-4aca0bd0e502,1,jessicafarley,!FBzBYuSf1QU,1997-10-03,dementevbronislav@example.org
5675e5ab-7ffa-49b7-91a0-510a32ffaaa3,1,corydavies,$0XPkjwG8DRP,1966-04-03,campbellrichard@example.com
f228c430-9158-40aa-b4c9-6aec5ec53582,1,ykulakova,0P2^dBmN!#RV,1987-06-26,wsherman@example.com
79b11d4b-2632-4e35-b9de-c47efd99bf32,1,lindsey92,3w1QOpFRm+bZ,1984-09-03,karpovpavel@example.net
3424b9c0-7c64-44e1-832f-4bb9cbfbdc61,1,blewis,9_O7FWqUA&^Q,2000-12-30,cannonlisa@example.org
2b49cf09-2964-4c81-bf15-8612e0dee112,1,gregorysandoval,@+geLrAvo)6^,1969-12-27,samolovfoti@example.com
00880209-b064-48c8-a52a-050b86bf3f67,1,dawnwilliams,oLWaUs@z&Bk0,2001-11-14,josephnorton@example.org
47bb6318-57a3-4ddf-8a5a-713a21a55ad2,1,justinperry,r86u4iVg(Si),1945-06-15,jill51@example.org
fa9e932e-5ed9-4fa0-b340-dd5affb2b761,1,strelkovalidija,E_4QHfq3WTL6,1961-10-03,mishinagafon@example.com
78b8220e-9de9-4225-9013-70cc75404bf9,1,platon_1989,IP4i0asn*L6Y,2004-02-04,visheslav73@example.org
f3b3af26-0bbb-4f13-986f-7d02599dc038,1,egorovaanzhela,02xsG8lp&&$B,1964-01-17,amber75@example.net
21a0bfc3-7b7d-4dfe-bfe8-84d082af6f01,1,denisovanonna,*_VB3l6sGC57,1992-09-23,ambermorgan@example.com
57ef4678-3d5f-4eb1-a242-1966eaff5f9c,1,onovikova,_4I7l5yM$VQs,1986-09-29,haneytara@example.org
c16b8ae0-99db-4267-887c-d140cbf164ac,1,sandra38,JoK1+BSipko@,1962-09-20,bespalovrodion@example.com
e94669ad-8b59-46a8-8227-aeeab7acc524,1,elizaveta_2021,_8i9EXtW6^*u,1951-09-05,dbates@example.net
d85324f0-eba8-4cb5-b19f-b0d8a94493dd,1,sherri51,59c@Vaud#yQo,1997-04-24,dlebedeva@example.net
ab6728c6-4145-4669-b3b6-db617bee0051,1,charles30,DI9jdOy4Q_Wi,1970-05-27,filaretgrigorev@example.net
d22cb02f-06c9-4d7a-b0dd-a3dcc323fcb4,1,bethcohen,FoBKjjH1@)T8,1950-09-14,elavrentev@example.com
72661a31-c8f7-4f42-b870-570d60582cb7,2,ekomarov,3*5P)In6^zX1,1971-12-19,suvorovradovan@example.net
3d70f399-ba4f-455b-8f8a-2662c7818caf,1,gennadimedvedev,Eq2rNZUC@8Lt,2003-05-18,georgi_75@example.org
dc9f665d-3981-40bb-95b0-71c6e3f8e857,3,hariton92,ySy4fZx*^lpi,1996-01-11,fortunat_20@example.com
77a8bda3-8269-40a2-85ed-91e1d53e750c,1,stuartmelissa,+!3nk$eh6E$M,2005-09-23,alekseevairaida@example.com
b223818d-d13d-4f24-b6aa-41370323f9ce,1,tonisanders,dHSrZ%W+^4OP,1946-06-06,mokelapin@example.net
fedb35c5-68e8-4fde-bb88-0cbf34ae2f56,1,mark36,&ZvL#AtEHu5U,1974-07-06,modestnekrasov@example.net
19105b52-c418-4812-913f-4e571faca83c,1,frol_2010,osb9Xrils&@!,1970-09-14,kirillovjaropolk@example.com
82cd9176-5062-46f5-91d6-f2d96e263eab,1,christinaoneill,&*an_Dj)z2G5,1966-05-06,alewis@example.net
ff3f0ca0-6bfa-4b62-8504-243a4fcd877e,1,stricklandnicole,@cnh1Jx$p8VE,1974-05-23,grantjennifer@example.org
55db6492-3947-48f1-b20a-e46a9728e79b,1,perezsergio,r)&7Zn5s%l0M,1987-07-27,miron_28@example.com
f6dbcf4a-0e66-483f-97c8-6a18931a06ac,1,susan77,i33MLb1*vt+e,1965-09-16,riverascott@example.org
b9cf165b-f501-4ebe-98dd-8b7648feebe9,1,cbyrd,+4N_BTga1oz_,1950-03-24,charlescole@example.com
a630ea61-2f93-4394-9edd-f1ec2da6803e,1,hmorrison,lDR4aT2y_a!X,1989-08-29,kevinroberts@example.net
ad7470be-7440-424b-aee6-7a8488fa3809,1,rittermelissa,k5n1vQ5j%k#T,2003-06-17,romanovladimir@example.net
aaf5fb75-7fa9-4d6c-80d3-5d4b2f69f145,1,linda85,lvAXmiZC$#2Q,1991-03-03,rusakovanadezhda@example.org
715aad81-911f-446f-8941-347814faf1e8,1,julian2022,*F!zp@wLE5JJ,1955-06-08,lindsay51@example.net
527b7598-3e97-42e4-91d0-cd20091e22bb,1,viktorija90,^Cz%22Pjf6gU,1988-04-08,samanthaherrera@example.net
36f7bc71-c1da-4bde-9f23-3a7bebf7f98f,1,michaeljordan,%q(6rj@()JbB,2005-01-21,hsidorov@example.com
153a3ddb-9c24-499c-9195-af29b5dc5bf2,1,danila_1970,8WdQ1+g%%lPO,2001-06-04,lazarevigor@example.net
f130e687-8d38-4499-908f-83c217e9d84e,1,ipati2021,rr!AJZDeuJ)3,1968-07-11,ferapont_58@example.net
bcb5b96d-73a9-42df-bfed-31e81d997809,1,kelli09,_tGpd!gdJ08W,1959-11-19,wantonov@example.net
5269a8bd-9e96-4443-b931-5cc8132736de,1,xsoto,+iO_1f!O81Re,2005-07-03,sarah11@example.org
60aa4184-160d-4a35-9cec-6df9a6a6252e,1,jacob21,XA4EP8hS%lc&,1980-09-03,robert72@example.com
30314b27-0738-44f4-90cb-d4f3ae683b34,3,hpoole,T9k8rqOp%H3H,2004-12-25,woodwyatt@example.org
fedd79a9-78ae-4a78-9106-b2a4c609ee95,2,zhukovazhanna,VuYrXkKj^c7Z,1963-01-03,stanimir_00@example.org
2b05286a-2faa-4182-a253-e147cd2b4eba,1,ezhuravlev,^vkZegXN!0mZ,1953-03-10,xmarshall@example.com
393c92bf-86de-46fd-8481-a84d85589fdd,1,gmartinez,l2gVm%w2(3#Z,1978-12-26,shashkovatatjana@example.com
9c8e8712-e799-48db-9756-1e0616f3c0b1,1,fhall,*WulXnMU41Bd,1978-10-17,demid_2012@example.com
54d75eb7-9b06-4868-82de-14a01da33110,1,timothycarroll,!^Hi9FOaQ$xy,1990-06-10,ignati1993@example.net
4d320ddd-26e1-4619-a72a-78c72f6cc6d8,1,michellethomas,)1XibK2ejdxg,1989-09-12,ybaker@example.net
ed641a17-aa39-4b13-8a2e-d029bbcf671c,1,christopherstuart,bl8ZAC*ciSx#,2001-02-14,tonyacurry@example.net
4980230a-2dae-4433-824b-2350f47d307b,1,kotoverofe,u8GHUjcQl$6q,1960-04-17,veronika2006@example.com
6cd6323b-a689-47dd-aa9a-5ac53a73b296,1,pimen97,i*O16$5G!7Ih,1997-07-22,savinaelena@example.net
c281e2e4-d1ab-4267-8f5d-a2581bab429c,1,belousovaolga,K7qTyF2+c&2#,1999-09-17,jamiewerner@example.org
41cc5b0c-359a-486b-b87a-b0cdfece0037,1,nicolesampson,f@J6S5k5s5^7,1949-07-14,rusakovsaveli@example.net
bb3e1300-935a-413b-9f40-f5031fa4e29c,1,adam_1973,gcu@pzkz@2BZ,1969-09-10,thomas05@example.org
6060f5f2-3339-4bc0-a8f8-a3da9e5ab6ca,1,melissatyler,qVOyTa)v^35M,2007-09-07,ivanovalarisa@example.net
7c4b2279-fa4e-4008-a8bd-b95db9c077ad,1,agap93,!t6O2P23N1K8,1981-07-19,mihail41@example.net
3fb62041-2e4a-49c5-94eb-3b5d77775ad7,3,williamsmatthew,cn#W&6CMM*R@,1969-10-24,terrihorton@example.com
43a22a88-5b43-480a-b9d6-3c3729636088,1,mitchellbradley,%hJIhTgtQ7Xt,1975-06-01,strelkovviktorin@example.org
bb10c089-aa62-434c-8a0c-e7bb8e8b6b95,1,jholloway,*nAXUEqth6sc,1997-03-29,fade_1991@example.org
12ee33e6-cef6-4803-91fb-9687069fdbb3,1,tfields,$ovqUvxe5&3B,1993-12-18,agata_1972@example.net
49d9107e-6ccd-4ded-8d5d-d2ff77df2efa,1,paulacastillo,9zM919Ao(YqL,1997-05-06,elliskenneth@example.org
699020f8-039e-43a0-b35d-d52c1fda708b,1,ziminleonid,*v0GKd3@Dr&3,2000-01-15,oleg_20@example.org
96ac3c82-ea49-4642-a912-e560207c6de5,1,ntsvetkov,sE_mC2Mt+8Lc,2001-03-23,shubinaagata@example.com
55a15ed6-e4f8-4dab-b225-0e06739d938a,1,milesgilbert,w*mEyLKFh(8P,1950-10-16,demidjakushev@example.net
f482cac8-dff7-44f0-bf30-104016d8e888,1,allensusan,#^f6uBrN**KV,1952-11-16,david20@example.com
6e9f2de7-8091-4e7c-9fd0-c895f557f468,1,davideverett,#HY5NVd+&J3B,1985-10-07,gonzalezcharles@example.org
5d03cb39-5073-4607-a3b0-fdbb0cbf46e3,1,melissa65,_ha22Zal_vB9,1989-08-11,omartin@example.com
4bd318c9-d44b-47be-8f81-7cfa7e6e91f6,1,kozlovradim,8Z0!BNWt!CHP,1961-02-06,kostinaanzhelika@example.org
e19798d5-a96f-4733-b863-ec54c153de14,2,hsazonov,m(E5EV%K^tc&,1981-02-07,darlenesanchez@example.com
5333d165-7fa2-4afb-883f-c93a767b10b7,1,bavdeev,T%HNv2Qd(6gA,1983-10-26,gsemenova@example.org
0da33622-e903-4c59-b215-c1865260fff2,1,catherine73,!03PjCf2N5Xt,1999-04-06,valentina_2023@example.net
87da11dc-2524-45a3-9e76-c13a19e37ed7,1,maja1987,!5AN!Rx!VbHB,1966-11-23,ubeltran@example.com
91092b0b-2750-47d2-bcf1-f213bcacfb78,1,fpatterson,T+P)ltMqA65C,1947-01-25,grigorinoskov@example.net
6250f3d5-5e53-4bfc-91d9-689c5b2aadf7,1,lukija_40,Jw_@6Nue1J2%,1949-04-02,vicki52@example.net
c3360828-8267-4e06-a41d-7aaa82679809,1,ernest57,_1B_dtCCO!8s,1955-10-19,skostin@example.net
db0d9aed-1e89-4d82-b845-4a6c6bd42a0c,1,judinmaksimiljan,_3UA_qj*f@UW,1947-11-17,stojan_2007@example.com
78886bfa-1218-4c27-828a-05a3da5190b6,1,tracymartin,t@43mFurgdQl,1989-03-28,kirillovmaksim@example.org
f1c577ec-c679-4ca5-a60e-603aa1e9a900,1,vjones,&dnxz9w+3pQb,1959-10-05,svetozar_62@example.com
44e21ea4-02cb-4949-b8a6-03d197abebce,1,uljan15,Z&UeCf8+x!6$,1947-04-03,krystalgreen@example.org
dfdc2b13-6e2a-44fb-a19f-dd77219e4466,3,knjazevgerasim,k+6_o#urF&OJ,1961-07-11,svjatoslav47@example.net
6aa09096-6ba7-4e8b-a395-7e7fe42d11da,1,kyle88,%(6V$kOf%%%0,1980-06-14,pahomovustin@example.net
f316c40a-8adc-4f15-8099-11c56cd0f773,1,itrujillo,*6NMJ5H(cCFl,1951-07-13,imishin@example.com
074ed43c-c785-4d45-9d8d-58388c9e9b61,1,ucummings,lPhDs1Mi%7e5,1970-02-03,banderson@example.com
9bcba085-5d23-4d68-99bd-2d64be24b72a,1,bellantonio,&fqb^v7dLn9Y,1983-09-20,davisjimmy@example.org
d510ffae-d76c-4780-a5bf-31b3aafc0e30,1,kalashnikovanadezhda,(3HuYRwPwvjU,2004-03-16,radislav_2003@example.org
9ae98d92-3079-4e51-aeee-d090368c8495,1,silanti_1998,GS2VSy8z9&aJ,1955-10-30,antonovaviktorija@example.net
6e65986e-4980-40de-bc31-fedc3b50f882,1,rwarner,Zs14yPArbH@W,1995-12-31,kristyadams@example.org
f85a5c7e-cfc5-4bcd-beb5-c7b1b267ea61,1,reednicholas,vK1$^h@m0QnF,1959-01-02,lisa58@example.net
75a707fa-bdf0-4d04-9bd5-837446b15667,2,denisovkonstantin,37Q*oqwVG*8u,1993-04-27,cdmitriev@example.net
bfb0d050-41d2-4f28-b960-6497d98a906d,3,dianephillips,%D6kZ#an9WH5,1991-07-24,samuel38@example.net
a293568a-b9fd-41bb-b143-0287e4a7c078,1,ztitov,HpDMl0Ay#8mq,1971-08-20,dbentley@example.org
f2cf1d0b-95f6-4011-ade8-f5d3aae2159b,1,ipat1990,Z_9C0R&e2afF,1971-09-21,cvelasquez@example.com
b288a785-30b3-458b-a93f-03b61e54cc6c,1,nconway,1liBiYm7iG!3,1948-12-03,porfirirusakov@example.com
89a0031b-2e0d-434b-8da7-e6c2c9c11026,1,narkispahomov,Gi+8gRDw1*YB,1959-06-15,dorofepetrov@example.net
24af9762-9a86-4d01-999c-bc32730904ed,1,edwardjohnson,@5&(EE8oAO34,1954-08-25,alina_1976@example.net
ad2cad45-c7dd-4102-8558-703254c39337,1,german_1999,!T5AhzB8MlVu,1993-04-15,evseevavalentina@example.net
2d8208e9-45ac-44fe-9eb5-705ec9229f26,1,hernandezjeremy,@@d9TTZr^QMR,1968-09-12,novikovadarja@example.org
79f05e41-f041-4f8d-98d8-0f39eaa4fd0e,1,ershovarefi,(hO2eSiUWVqk,2000-04-28,stepan_2014@example.com
73fba094-1324-49fb-b2f0-e8a3d3fd5cc3,1,lavrdjachkov,+KQBgVgCL3N@,2007-08-19,stephanie45@example.com
2ccb4eea-2ab9-4649-9db5-46b1b9d60547,1,parfenkrjukov,03P8_UPa&cj^,1945-08-15,pharmon@example.com
4780472c-47fe-4a7d-9e28-f5b901df3a0d,1,monicasimpson,q35evCCi%$5Y,1968-05-20,zinaida_1971@example.org
729e14f5-4f03-4a9e-a33f-3f44b4c481bd,1,james67,ojLNZr51@d8O,2003-04-22,itorres@example.org
d1e73a16-73d2-4e9e-b5b5-da4e0e0fd791,1,ljubov2016,+5PHo6IUNWes,1967-10-16,emily73@example.net
785f4544-c665-45f6-a96c-560d38a4e587,1,jessicabarnes,^IORyuUd1G0V,1967-07-27,greenjustin@example.net
d485249c-aa6f-4fbc-831e-cadc17904e4c,1,ershovatamara,nLyYl5dl&7cR,1996-09-15,dfowler@example.com
f7073eaa-cb0c-4598-a3e5-2aca7930126b,1,qjohnson,#A06j_QHTdgW,1993-02-13,pamelaortiz@example.net
5baa79e6-f9bb-4bb6-9406-88eb4e34f209,1,izjaslavvorontsov,!PMqra$E6tRe,2007-08-09,xallen@example.com
7cefd284-b411-4e38-86c7-fefb9f49009f,1,mcdonaldbrandon,$1V@%Z5ib*4B,1991-10-24,kirillovkonon@example.org
5450f624-d017-4255-94ca-f10fb3a102a6,1,sevastjansorokin,pAiNs8Zh!py$,1948-04-08,julie52@example.net
8b5971b8-97c0-49c9-a3fc-efda286fe309,1,zinovevafaina,a4k28^Tj)*Uv,1969-07-19,nicolemartin@example.net
0949ba32-4353-4b28-b606-af4b4bdd169c,1,carterstacy,J%vhjaY!bdk6,1958-08-22,anastasija_12@example.net
2b138e44-fc25-493c-becf-c20d82fa2daf,1,coxjason,@mbP1eKBj1R5,1964-12-05,vladilenmolchanov@example.org
890eaf4e-1741-4049-b5b8-604935aabedc,3,wagafonov,4Ol$BjPuC2RV,1979-12-08,donna95@example.net
b3f62ac0-5c23-4e40-8efb-3d7af5b2e6dc,1,joelbaldwin,yR3BWu(b%HwQ,1964-09-28,powelljames@example.org
d62237de-8b36-4698-8fa4-4f5be28b0d14,1,rodriguezsarah,h9BuG*cn@jZN,1966-11-26,nikola82@example.net
27dc301f-f6b4-467e-8f78-93356d9f86d8,1,boris85,r8Yg6P^W+@FV,1978-01-20,jrodriguez@example.com
9ba6fd8f-4a1d-4cf0-98c2-0b16f4fa7dd3,1,rnikitin,O1p2PjDJJs#X,1978-01-14,amanda96@example.com
cedb6cf6-16a0-4e2b-9201-50a0dd6674f3,1,tarasovartemi,*s3Botl$n0U(,1970-03-09,loginovladimir@example.net
22bd24b3-4490-45e5-9e8c-2e93dbe5c8ba,2,isaevalarisa,P%1OvW2pRuX^,1981-01-21,sergeevizmail@example.net
73abb563-f8ef-4e4c-b7fc-547700d7c0b3,1,john07,u%h*IL#d0r8e,2004-07-21,aguilarmichael@example.net
3d438fab-f4e0-42dd-b97a-682ca6eb90ba,1,markdementev,%1bkZbbWW4sE,2002-06-03,laurie15@example.org
5a3059a8-0049-4715-9419-a2a214b43d94,1,hohlovevse,FxK77JePL*Za,1998-05-15,ianderson@example.com
dd5acb4a-c1bf-4800-a090-0a0ae44b0d5f,1,evgraf_42,+v58SYLbg7JP,1978-12-29,patricia77@example.org
f880d690-7376-4e0b-94de-f167791ca179,1,medinalori,4AxVy8Jgl@)i,1999-01-19,tclark@example.org
eb723da7-5d58-4625-ba51-9bc5b4f462df,1,sigizmundshcherbakov,%Z7RZmQiG9nm,1959-06-26,isakovalekse@example.com
fe9b8d7c-c76c-49f7-8266-16d502000e94,1,jose20,^83C%2miGrrN,1985-05-30,brownnicholas@example.net
afb09394-fd88-4ad0-bb06-dc2aeeed9cd0,1,zosimaseliverstov,5@GPy$wZ)+50,1979-06-24,ukim@example.net
7c2fe628-11a0-4dca-8888-4daace8c6289,1,jerrymoss,!5h*uQfsdKL6,2006-07-22,oksana_31@example.org
f1b95e8e-12df-472e-9a59-cbe400f7073b,2,porfirishilov,+78AAl(wWVCJ,1953-05-17,zhdanovivan@example.org
54a69c05-a4f6-4dd9-b4a2-92441af10d91,1,stephen78,1)!Q7GZyhAL&,2005-07-17,robertssherry@example.net
db58c16a-3b01-4ec6-80d1-68777abe148a,1,demid_99,Z$u+7cNrOJWs,1960-05-15,kostinnikola@example.org
61ba0d53-9801-4a5d-9f30-23035814d530,1,fcook,0S*x_Fjcazi6,1999-08-03,parkeraaron@example.com
7a053b28-7c75-4a53-8868-52d71bf5b696,1,ermolanikolaev,xr+$BFQql$@5,1977-11-28,jacobbrown@example.com
ac708b0f-0139-4e77-893d-e53ef0b75da7,1,angelarichards,4vx$RHJqv7pU,1977-04-13,wilsonjessica@example.org
05c81aca-20e7-4064-ab05-93cbbb2d0347,1,valerjan_56,&3JVcNKb4A1!,2000-05-07,spartak95@example.net
b9c610ff-0e12-48e0-bf60-0704781d0564,1,wbeck,#jU99ZD@7hkQ,1977-09-29,alexis91@example.org
709fea27-f435-4492-9290-ff3510c69f38,1,dmitriknjazev,Ch9F^ixv4_ZU,2004-03-03,alexandradouglas@example.com
7127f914-839a-437c-ad08-8d6b41b90a57,1,ericrussell,02N0LzqcT*8P,2007-04-08,davidovanatalja@example.net
abe715c8-7909-4b72-805a-1257ac442d23,2,jpoljakov,IT+8Oe1oh%gA,1949-08-26,dobroslavsolovev@example.net
51dc8a28-b095-4097-98ba-7382cbe73fab,1,pavlovmstislav,C%AZkL2$bl1v,1999-03-15,dean43@example.net
754dd9fd-4eac-4773-bc15-ac86f76fb83a,1,roman99,&S@TmNj4)&7&,1968-04-30,olimpikostin@example.com
0233780b-81c7-4927-b218-9392e2dc3335,1,judy06,6t^8W8sli_$s,1948-02-05,dianefaulkner@example.com
7b5b0fb0-9fec-4674-9432-a55c57011cdf,1,gerasimovevdokim,b24hHfshXK#L,1971-12-19,olee@example.com
7f5226be-d6d7-4638-b688-7fadadc613e2,3,stepanovavalentina,l5(@Ezd^&wr0,1952-08-09,pamela16@example.org
88d88a6c-ef6e-4b35-b2cc-e673dc8ffcf5,1,kevin10,)2UygLciqdWr,1953-08-24,shelly77@example.com
d0a900f4-d195-4212-9689-0de55a418a5c,1,jarellano,4XPB838gc%g3,1954-11-27,anikitarogov@example.net
e650cbf2-13b2-4b5c-aad9-8250ddf197ee,1,alex80,ROO&L!g2(+c5,1970-02-10,philipday@example.net
d7b80548-95fc-4167-b6ae-11762042967e,1,mcclurekyle,+)CxAl%qa8Hc,1978-07-10,ruslankozlov@example.com
ff449f65-7de6-4606-92cd-3e4828ac390a,1,theresareed,#2E5wsKet0$T,1948-03-07,ucordova@example.net
20351a4f-790b-42b6-aa68-97001d6a132c,1,rozhkovaelena,tZm8fbxx@*vP,2007-03-07,mihail1976@example.org
a209f561-c666-4ec7-904c-49ffd42b1812,1,carlos74,kb9Xo7dkf(in,1980-01-02,savelivoronov@example.com
73d3b823-4530-468a-bb5d-93a89a28204e,1,andre_2013,uB^8Luwvxj%2,1994-09-21,jamie90@example.com
7cbe4e84-8284-432a-ab63-25e309cb5e4b,1,kapustinevstafi,zo7grcE5r&!$,1979-09-08,seliverstovkornil@example.com
20e17e7c-8cbe-4224-839b-1ce87ee2d39d,1,antonio53,fKP$!e%bFv3B,1975-10-18,ermakovatatjana@example.com
30551742-616b-4051-8b74-a8a411119f1e,1,moralesjennifer,UMvCSoKvp_3Q,1972-01-08,stevemckinney@example.com
764a7b31-4f0c-48f6-9af5-f84b159c7198,1,hgriffin,R@C+w1z+^t8E,1978-03-22,efrem1984@example.net
c57e1d67-2d2b-46c7-a2e5-1660d0f4280d,1,fmorales,eT*EQJzsgEh8,1991-05-15,smithkatherine@example.org
d4ac2661-93f9-4656-9e96-b1913e7b8bc5,1,antonin1982,jY5b(6yT_MAS,1983-08-12,nicholas22@example.net
11ced071-9096-4531-bbd8-72450c7c361c,1,fekla_2025,+G9McSz7!T)7,2007-04-08,bikovbronislav@example.net
6d67da43-658d-47aa-8ec3-83e97ff6c28e,1,irobinson,#5PaJt@ihd)$,1994-08-31,brandon05@example.net
d3d98436-5766-466c-bbc6-ac1c8dd62084,1,christinewilliams,Ul4Y0R^s)Ea2,1993-04-27,jimenezscott@example.net
7660bc2d-31da-432c-bb84-893c387debf3,1,mironovustin,W%7wejT2a%Z%,1959-05-30,omack@example.com
101a9f58-2123-470a-8e0d-4a88dab94fc7,1,xdiaz,hS5QrMaA&VCS,1996-09-25,bazhen_2024@example.com
8bb72ce4-dd2f-45da-adff-65143a785122,1,justin29,@J6(gK6T04Rw,1946-12-04,karen77@example.com
3699b969-28e5-4714-a033-8f7c5f00a63f,1,nbaranov,F66)@g!WLg8S,1991-09-08,amber46@example.net
853fb27d-43da-41cc-ad38-0f5f5cfc0606,1,alexawoodard,7*roBt$X*2Ud,1987-02-02,dorofe2008@example.org
6887eda6-a41e-44a7-9099-447012153066,3,robert60,R%tkKNWq99%6,1984-08-28,fedoseevaalina@example.net
055dff98-809e-43b5-b86b-b384c29fd856,1,msantos,&#e3Z$@f+W8I,1987-10-11,eriknorris@example.com
f6030d5d-2de0-4adb-81e5-a0c44671a793,2,csilina,Ak8EV5xZC@0Z,1948-12-29,fedotovapollon@example.com
89c68067-d882-4731-8870-ac107e1cc96d,1,tsoboleva,siC1%CYdJM*0,1999-10-12,vmartin@example.org
5a024b53-e04a-439c-a452-780d766c3cad,1,valeri_2013,no51xjN9j(Xa,1953-03-22,bikovamaja@example.net
24840f0e-7ac7-4ba5-a2f6-37d9eee00621,1,panderson,T+$s9AeXHZJ1,1975-01-07,anisimovvasili@example.com
6f07d8e8-f24f-47c0-a086-686e61625d31,1,robert26,@6oao_Q9jxOO,1986-03-23,christinathompson@example.org
624d16dc-e50b-459f-9217-30706dbf69f8,1,ruslan_42,e^RuVdLc_r4d,1998-05-09,jessica69@example.net
7652efba-3315-4d51-a4e7-4d3a9057f136,1,shilovmili,#4)RArPmlu0v,1988-10-18,zuevfeliks@example.net
bc0cd56b-987e-41b0-a372-9c3e8a07441b,1,gbelozerova,$2j$zWRcgz7%,1967-12-11,porfirisharapov@example.org
db066593-a47c-4106-922c-a03ffa29d2bc,1,tsharapov,73))tky_EfSP,1944-12-01,sfranco@example.org
38957f73-faf0-4b56-8a5f-9cc9b03a3b90,2,stojan49,8uF_K&nh_8f$,1949-02-08,matthewharrison@example.net
d9d7077c-21b1-43be-99e5-f628dceab378,1,robinjohnson,r0ysL!yL#dW4,2007-06-09,natalja82@example.org
2f802db8-bd72-4348-ba41-842947fdbec2,1,agafja2013,%2l5$MVbFaEd,1992-06-01,dmitrievnikanor@example.com
24115056-28ad-4fac-a17e-1dc7d12f8471,1,sofron_97,+pD17ayC%1CY,1965-06-30,natan2013@example.com
ea4f8637-474a-4cda-bd63-95ca75806824,1,msingh,y52+a#Ft$6@#,1949-03-08,sjakovlev@example.net
043e585d-1386-4294-b316-0eb99c670a34,1,kim18,^(7JJkzvHVUG,1986-01-05,zaharovataisija@example.net
93535912-16b7-4d52-9bed-0179ff582adc,3,jdiaz,DGm8KR(m*U^z,1968-10-18,debrajohnson@example.net
1be062b5-63ab-44e1-b410-84d7748d2382,1,seliverstovizjaslav,h)9$)BEb+cj8,1951-06-13,jeffrey49@example.org
1f4c982b-a2f3-44f5-a62b-b076a4e9bff6,3,jennifersullivan,(lLepDMEU5hO,1963-12-09,davidhodge@example.org
184ebdf3-379f-41c2-98ef-06004ae471b5,1,jamesgraves,_N(Wka1z)X4C,1994-11-14,jenna88@example.org
4566ef2a-7a8d-4131-944b-801338a197f0,1,tylermichael,@24wU$qcyrKg,1983-07-12,lloydkayla@example.com
c3409e8c-a2bb-43c9-93c2-a3ad3c173169,1,drozdovnikon,t%r3oPjdE_1D,1994-08-20,januari1971@example.com
9cf90ab6-bb8a-49b8-ac04-b19b4634a645,1,steven07,(pqiO6sm^q7#,1970-06-11,vladlen_13@example.org
d17afacd-5556-424f-b26f-b8a3eae1fb44,1,taylorpamela,p8gZrAep(deB,1983-11-01,artemevbudimir@example.org
3afddb2d-edf5-44a3-b557-8555d213475e,1,ebarry,)3AR!)zJ7XCr,1975-02-01,elizabeth60@example.org
aae7a76e-34a2-4c43-a8b7-37bccf02b287,1,petrtitov,t_5BWKrz)51k,1950-09-04,sjohnson@example.com
8e625594-86bb-4946-a25a-d720870e5b56,1,zhanna1974,3r7JEI5rS$IJ,1997-05-03,juvenalimaksimov@example.net
127d1dac-4a2e-4c67-a440-ba2ea069cebf,1,stephanie40,Vc55+1Ijs@$2,1958-07-29,jimeneztracey@example.org
9d5ddc5b-afed-4e9f-8e85-f968befc10ea,1,hollybush,^zFRqBZw6g8O,1979-06-11,uturner@example.com
27bce53e-c1d5-4c22-85cb-6cc3540b74e3,1,martinezangela,x45BxkFi0(GV,1958-06-14,lori91@example.org
0b61322b-6f9b-4f08-8012-30f39161ab21,1,allison37,EeJS5TiI(bW2,1960-11-25,kuzma_07@example.com
2cc67901-8b5a-459c-a6bd-e4a753329435,1,mechislav_1971,4()Jo3Iy6V!c,1969-10-26,hohlovveniamin@example.org
eea9b6be-3518-4515-a1bb-4c8d0c9bba92,1,beljakovstepan,s*@qpTlr118W,2004-10-05,simon1990@example.net
600cca93-a0b6-460f-8b7c-3dbd97afc218,1,smithjackie,*R8ZCP&p0K3%,1982-12-30,evstafi24@example.org
92d692bc-ab43-42cb-bc49-23518ab53bab,1,nicholskaren,*)uBvIoJq9Vf,1987-07-13,terentevratmir@example.com
18736f9f-c871-4496-a1b8-78314d5d8b79,1,petr1996,Ob@Brksj$O2m,1980-01-10,daniellehardy@example.net
b3f87aad-97d8-49ff-b781-92f0990e6328,1,vladlen_2021,Nh2$z0LI)1$K,1977-08-03,joshua39@example.com
cb35d965-e78a-4299-9a90-68d690beb87c,3,ladislav_15,aUvIBI8dh@_8,2004-07-10,kallistrat_65@example.com
eb3b7195-c037-4afc-be04-c912ebcbe29c,1,stephen96,bi#sOmn^T_3j,1960-10-04,jesse67@example.com
3be6e575-40be-435f-b452-4edb9b70cafa,1,sweeneydouglas,Vzv0nJvcBx$v,1948-09-09,osimon@example.com
2882292b-107c-4d9b-93b2-ba44ec5fce9d,1,jennifercamacho,@3frsZax_AWH,1951-01-18,gordeevaemilija@example.net
f2d5900a-097e-4b40-a4fc-f054baf2b0c0,1,ellen17,dl1HhUzlU8I#,2001-08-16,prov_86@example.net
fa1468ea-c64e-453e-abd3-bc73a706eed1,1,jesse67,9@#kCoXcQva7,1999-07-06,eliseevapraskovja@example.net
a9b04f00-cc26-4df5-bda1-8fe8c5a90778,1,idjachkova,)5)T#PC)oo!V,2007-04-28,porfirikrasilnikov@example.com
8d682246-5a5d-4034-b83a-133408c539b4,2,mackenzieallen,d6(g5NrbXD19,1974-09-08,david62@example.com
fa28ae6c-3829-47cc-b035-780dec75e912,1,lebedevartemi,+p0^TjYb8eB5,1999-04-25,lsnyder@example.com
f412126c-3ca5-43c6-bb68-6929674875af,1,johnsonbeth,uKMLAeiO+u6C,1992-12-17,alevtina08@example.com
680e10b6-85b3-416b-981f-e30e51458bd5,1,john65,f36@q87F$xCQ,1946-01-31,ponomareverast@example.org
14525767-dbbe-4c16-8c2d-29194a6bcdde,1,tracy35,oi+2jGmei*9Y,1948-12-23,lseleznev@example.org
e4b4463b-470f-45b8-b0ba-d6bed417ec15,1,latoyasweeney,450EDt_c%F^*,2005-05-12,laura09@example.org
20af404c-170d-4c05-b5c9-cda64e8ce608,1,kudrjavtsevzosima,$89w1x%k&aO0,2001-01-20,allenronald@example.org
a3b18a3b-f8b8-4bdd-acce-bbba1d3dbbca,1,potapovmilovan,$0qDCQx_#Ng&,1953-10-17,gerasimovbogdan@example.com
a54a9d48-00ca-4897-ad00-1a17007eb2bc,1,stephaniecobb,9IUfimN_%7_a,1969-10-17,doroninavde@example.com
84c03fb2-bf3f-47ec-be7d-cb654f1af0f9,1,bogdan1982,Sg9IBiv7%jJ!,1951-04-16,christianingram@example.org
e1d23024-4b9b-4b00-8031-922ab215bced,1,denise41,69fSfoko+iv7,1969-03-01,valeriedean@example.org
3271e586-ffb9-444b-8d8f-affee5c627c3,1,michael84,2)HVeibpvA5j,1987-03-25,tarasovaelizaveta@example.com
5300e9e7-de9b-4267-8718-1647a243b4cd,1,nikodimdementev,as9E+tiUd!BC,1983-07-30,millerbrittany@example.com
c3c4f3b6-2aec-4be1-90c8-ede548dea74b,1,abell,+qZv8p*l5yk8,1984-07-08,vladilen2002@example.net
3d6c2309-a34b-4b3b-890b-93134634f938,1,charles17,8R5GiHmI(7Oc,1972-08-31,sharovpahom@example.net
92fc50ee-4332-4e4e-b9be-ab7488d38084,1,ladimir1974,l5&3Ll8H)yDo,1968-07-13,kim_1983@example.net
503e5836-18cc-448b-8403-553935f97165,1,lavrentevkallistrat,B9fc!C^tb$72,1980-09-02,gonzalezbradley@example.net
bfec50ed-4eb6-4cc1-b708-82cd98338ff2,1,upugh,o8x@CmLF!)pV,2002-02-05,klavdija_48@example.com
1927379a-1d8d-415c-90d1-a7d20b3aec97,1,jwilliams,_(19QbVk+#Ow,1976-04-26,pamelaoneal@example.net
81c0b086-e808-4d04-87db-444dbc8de6ff,1,parkermichelle,P!1wjba%@4Bs,1952-01-29,margaretcarrillo@example.com
5ed11557-dede-4f29-bcb3-289025b75309,1,williamweaver,#8nlu)Oa*TtM,1960-03-31,grigorevaagafja@example.com
71a8928f-575e-4118-8f5f-ae888d4715d6,1,evdokimovrjurik,_8UPiEnw4^#X,1956-02-20,pjones@example.net
7d8bc8da-93b1-4abe-815d-5637910142c3,1,gordeevaraisa,+kSG+Gw&L93b,1955-05-23,vatslav_2000@example.com
8aef2531-e1b1-423c-b05e-355d423cb372,1,alekseevviktor,Av1hLHh&&((8,1945-11-04,serge_82@example.com
814b964d-ed1d-4902-8c58-d41671e38ca5,1,maksim_83,95+Vm9c&^EIr,1971-12-30,svetlana_62@example.org
94917dd5-6e3a-43ab-9c93-04947eeeb612,1,apollon_06,Lb##qIHtk$28,1966-12-26,xoneill@example.net
8e874e4b-8766-470e-8dcf-bc243407a694,1,sisoevkazimir,S2+4EVpj)V*m,1996-10-12,samolovfoma@example.org
8e0abcb6-df3d-40b3-a316-fdb1073cc743,1,gurevseliverst,Par5RcNwO@St,1947-06-18,avdeevfade@example.net
1df66aa9-9e6a-41e8-96a6-e6bed0f07fe0,1,vsevolod76,_%0PKkV%PdTU,2006-06-22,noskovvenedikt@example.net
2395270b-09fc-4af6-a2f2-63d21ef3a313,1,evse48,r3A5ocGi!@#5,1986-10-05,kingkelly@example.com
8c03c98e-d176-4f4f-8411-acd3a8b4e494,1,shannon45,24OK$$HS@b8T,1973-09-05,eduard1995@example.net
66cf2da6-142b-43b5-bba0-f297aaeed552,1,ukarpov,qGiD(Gnkl(8U,1951-04-21,kyle71@example.net
666558f5-43c9-4d6c-9c73-4c544afab43f,1,delacruzpatrick,3SY*Rgc__081,1994-10-27,stepan_77@example.com
53074ac1-38db-4aa2-8312-c26261795c16,1,pgeorge,7qU^91BtG7*C,1994-05-09,courtneycastillo@example.com
a735fc4e-4435-4500-bba7-1be16d906d4a,1,susan92,w2bX4Trs*%kU,1975-06-21,orlovanikita@example.com
a373cdf3-81ef-4bfc-8194-6ab9eecdecd4,1,calvin27,l#XhJRaFmTm1,1991-10-07,yyang@example.org
6ce39fc2-bd25-4212-b142-84c28e59576e,1,imurphy,!iv39q5NR7Vv,1973-05-02,gerasim2020@example.net
638857c6-75aa-451b-8390-c9b932909596,1,xscott,6n6)S+*u!2GH,1978-05-04,hconway@example.net
58921c8e-983c-4b23-89b5-13cceda4f011,1,jakushevaeleonora,@@uIo2MeYneJ,1982-03-03,vincent37@example.net
c31de6d6-6bfa-4d98-88e2-07fb0a879b87,1,hlevine,+uUf7mhun8Vg,1951-12-07,sharapovjan@example.org
4913b27f-69e9-4504-97f1-751f79bf2ff5,3,lukjan_1996,wc%6ArmAIkj!,1945-11-08,barkerbrooke@example.com
ae8a30db-fe64-41c4-b672-309522f94de0,1,melnikovosip,+31oAyE14LGD,2000-06-02,bowersdale@example.com
55adaf1f-59b0-4678-8019-e361fb9e44cd,1,innokenti44,c8#FQXca#9s4,1996-08-19,lavrgorshkov@example.net
f040a04d-e857-43f4-9afb-fc7dc07209ed,1,natan1971,)%WspDmo&3!!,1991-07-02,ipat_88@example.org
744beb88-d0eb-487c-ac64-5b9a6e1d527e,1,jlevine,*)6FmGrkYR1Q,1987-05-16,angela30@example.net
3a77193d-eb5d-48f7-9cce-030feb277734,1,zinovevaanastasija,&FZLTCktIiL6,1990-06-04,charles83@example.net
e8494d60-fb7d-47f4-9a21-4728a01f6bab,3,amanda40,&3Hi_QIn2kzv,1980-06-16,olsonjessica@example.com
671d5bf0-9297-4856-8347-5cc42b7eeefe,1,golubeverast,tDA)hC*abqo3,1946-03-04,fevronija_40@example.net
ff3ea0e6-4887-454a-871f-0e6c32c286f4,1,marianbobilev,MvQ3SAyl#5QI,1978-07-30,miron88@example.com
498c30ac-b150-44a7-a6f7-58e553e2276d,1,ashleywood,L$MFGPj5216E,1992-01-18,kozlovolimpi@example.com
d43f030b-d0b7-48ed-be64-08b0194d5d1d,1,anisimkrjukov,@144!E1EkwJv,1969-12-20,gorbunovivan@example.org
8e3e91a4-9471-464a-8d8e-dd941d36f121,1,cruzgabrielle,)7)R0O^x(V^Q,1989-05-26,eharitonov@example.net
d02b8580-0fc2-4920-a860-30db30352088,1,yatescourtney,x4VN@pCh(X^@,1978-04-12,mcdonaldtiffany@example.net
a6a90938-18be-451f-8910-24f5bcc68e07,1,theresapacheco,eGrM07Ye!c8@,1953-11-03,agafon_1988@example.com
7b241251-134d-4d48-9a38-41a8fb5a5059,1,emilybenson,T2j@6%Zn_rfJ,1963-11-04,alisonkelly@example.org
b18f93e7-32be-4ceb-825b-a3ea41117fd1,1,christopher88,*XFm^4Fo(6BW,1950-08-30,lisa98@example.com
960e5a32-7dbe-440c-870a-0e772f7a0e09,1,andron77,HW817zsY+&EC,1980-12-30,natalja_2024@example.com
8a96ef23-0b66-44c6-b062-4685eccbed3d,1,oscar61,(8lY@iD&)97V,1968-03-17,iadkins@example.org
0df11d85-08fb-487d-8d3d-9ec5979bc674,1,poljakovaoktjabrina,)1RnkqsP^%bq,2006-06-02,milan05@example.net
8f7689bc-9f76-4356-a5f7-e1d096d63e90,1,ekaterina_19,!(IxnI9jR!5D,1999-10-18,jerome85@example.org
060e3458-65e0-49e3-a7a3-206b7d128fbd,1,teterinspiridon,3+D5fT)1Xb9G,1966-02-12,boleslav2017@example.net
dbebb752-c7a7-4b17-b4b3-fbd62c61de7a,1,william45,QDX35JycHU$g,1951-12-14,lpanfilov@example.org
3f09ac61-0337-4bbf-a534-afffc40766b5,3,kir2023,$xgHRRcd#IG5,1970-02-12,sharon43@example.net
2f24c3cc-e174-4627-9c85-e764062d8b50,1,jonathanjohnson,vvL^KScxZ2yX,1959-12-24,blazarev@example.org
4565f7f9-50eb-4e99-a927-098064abf239,3,julija29,&MYi0y5#6MpW,1983-05-06,jakovlevevgraf@example.com
eed77a24-5613-4041-804f-96158ec21dcd,1,isa_52,x0wNdBE^&vXT,1996-03-30,shawcharles@example.net
09eb9717-a8d8-45fc-a1d3-661fbd98d032,1,panfilustinov,Yn!9Jy7Nu&SN,1958-05-16,qsmith@example.org
b77033f4-34a4-4754-a5b5-b4c567f97e56,1,prohorovakira,@f_ZnwyI6a^T,1998-06-15,ovelez@example.com
ad1acedc-36a6-446c-a49d-bb8ab4824a99,1,vmaldonado,Q98CGmjM@$EU,1960-09-10,brandi63@example.org
b126f5e1-6dac-47de-9a17-4e33b2ac2ec9,1,prov07,b_a8k*Uoo8Ja,1972-07-29,silinmiron@example.com
b029fb1b-831f-42ea-a32d-4cf1781c07f1,1,judinemil,uyTquq8W(1rA,1988-02-26,kevincrawford@example.org
9abc9293-8908-4119-8274-c0c2384ee31b,1,rjackson,b@ONVImi&^r7,1991-01-13,kondratevalekse@example.net
c24807e8-eac3-4345-a12a-f1d77e59ea93,1,valeri_2000,XHZCcYZu_!n1,1985-05-05,larisa23@example.org
79997cb1-8881-44e1-82da-4ecfd003c0ee,2,stevenarmstrong,Hb34Glbx$ZL3,1981-01-07,brandonmitchell@example.net
c1bf2ab4-1c9b-4661-9c18-e421792641d3,3,johnsonsteven,bU1lmKafw&fU,1991-04-19,rharvey@example.net
b5917221-5135-4df5-af82-84dbb093a37f,3,zinovi_2020,)EHmLM(9z9cb,1980-08-09,jacobcasey@example.com
3ebdd35a-675e-4755-bc9e-bb7369d42ffa,1,olimpikapustin,r$oYqqPI)1IV,1984-10-04,belozerovzosima@example.com
18218204-d038-46fe-a519-0c4a59e3ee55,1,mgarcia,Qv2J@_isy@EH,2000-12-10,jkondratev@example.com
1d3c41ad-a418-46ad-b588-0eef54130c5e,1,kimberlysullivan,#v7W@zBruwEU,1968-06-01,craig61@example.org
812ca57d-8a47-4ad6-8b1e-b73a95b721a1,1,mariogreer,)5FNZfFa&tr#,1991-06-04,ymamontov@example.com
aeae4e7d-4291-4cb1-8581-16523a79bd84,1,vissarion_15,H6o$(Bp5&t9F,1978-02-26,james68@example.org
ea6bf9af-1062-4e5c-a263-47ce787a9ceb,1,solovevasofija,+HAUScy@+95x,1998-06-30,nancy42@example.com
bafe62d4-b40a-4891-bd92-8a1b173b864d,1,svargas,+DQqjrY(x9Ju,1998-01-01,sitnikovaelena@example.com
1ff5ee16-cd84-4f86-9273-04ba74d02f2d,1,vjacheslavmishin,06xUfOOz#+r5,1995-02-26,copelandrichard@example.org
84c71738-37fe-48b1-a1de-a5167014a8f9,1,xvishnjakova,E7Hqarzd*bSF,1957-08-14,tdonovan@example.net
63efa3ea-a384-4e27-94fa-1adde220c8f4,1,svetlana_77,#93%eQ8iC%3V,1996-01-12,kapustintverdislav@example.org
02f53a3a-9906-4135-8270-0424cfb24dc4,1,ikelly,+WNa&q4!#1Hx,1954-02-06,makar34@example.com
8a325d6b-a7b2-415e-9da0-3e2f4aacbfcd,1,anne03,7wGPH2Hq&Krm,1951-09-27,nikola07@example.org
62b62b81-bd3e-4e08-b6f4-4b6431cbc66e,1,loginovalekse,VN0c7Esi+y#5,1989-06-05,ifoley@example.com
312ebfa5-2fcc-48ac-938e-6a798197ef59,1,avdeevfeofan,+jBep2c#d#5F,1999-10-16,ostromir_2020@example.com
cf62361c-5c30-4367-8fef-ccf482a5f114,1,bespalovradislav,$%soMaNmOE5w,1984-09-22,karlvladimirov@example.com
c17e79ea-11dd-4345-8858-a09e740feac3,1,ustinovadarja,A_az%E6t)DT4,1996-06-20,baileyshane@example.net
0977d2d6-5add-4314-af22-482e19eebbb8,1,nloginov,m+XFAdssJY0v,1970-11-26,dfrolova@example.com
fcc53821-f8a8-434f-9c4c-4f2bd4b07a3b,1,adrian_34,A_U3W3Zwlzi9,1955-05-31,robertbailey@example.com
b1d31f49-1c14-4716-98a0-601440e18dcf,1,fsmith,jCq$HCfff3Wp,2002-06-26,bmedina@example.org
3a80e761-1cd5-48f2-80b3-35a0fb807640,1,parkerdebra,)Wqj&XjG4CX#,1961-08-18,nazar_1970@example.org
3c416755-025d-4115-b89f-1921a347f082,1,naksenov,$81sJxdeoe+p,1999-09-26,ygonzales@example.org
a565c7df-956e-4e79-9aca-8ed354babff1,1,robertbarrett,ZK5S*_vn!ly$,1984-01-07,ernest86@example.net
2ab70e52-ad9b-4be9-a417-edb4e604d655,2,zinaida38,f(q4G2jP6!V+,1971-12-26,matveevapolina@example.org
4fc9300e-08af-44c8-a3d8-bcd3ee8354bf,1,arkadi_2015,J%6*5pFdSipG,2003-09-24,tfilatov@example.net
34bbb520-0ade-4bcd-95ae-7d66fe92cb7d,1,kimberly05,)UuRkceu&4@n,1957-12-17,sharapovprohor@example.com
89fd6ad6-03ae-42a5-a308-ec9c01221c09,1,lucaspamela,#X1xNJdJN3+U,1992-09-26,samson_79@example.org
68124ded-0c21-4439-9fac-b4f502f0482e,2,sofongorbunov,*50zFOFx$PzX,1946-06-20,gardnermichael@example.com
a6d97594-7843-4af0-9b53-dbf815e6fac1,1,avdeevaoksana,^5UQ050xau!5,1996-02-03,galkinavera@example.com
05dc2a56-184c-47b9-9f3a-d270ca3bd709,1,averkibragin,%0MM7Utre9re,1993-09-15,arefi46@example.com
7e9471b5-becb-41aa-b3a7-3c1f9ef46f32,2,jaropolk31,(2PJofa)Pl+k,1960-08-24,muhinagap@example.org
79faa9b9-0df2-4676-a267-bc99232de5e7,1,dzinovev,@d6BqFJs7S6i,1990-06-23,david63@example.org
df299b62-825b-44d7-ba47-1ded8f54af95,1,josephmason,PFEOsoma%5@c,1978-03-31,edward33@example.org
41dd4e92-f84e-4732-8c96-14a2b5291139,1,christopher55,h6LQrQPH&8fz,1976-08-07,nmiller@example.net
630d1d00-abf3-4cb8-983a-32dafdc5e3a3,1,angela84,(Ut@raXot$4Q,1993-11-28,kondrat_2011@example.org
357f8b5e-18e7-4e2c-b050-130ad3be6bba,2,apollon_98,7(xeGyacSv2%,1985-06-28,panfilovgleb@example.net
7e76040a-ec35-4b0b-85ca-db81aab3dbc1,1,xthompson,(1DHBdlcZKHV,1963-08-07,shermanfrancisco@example.org
c778c31e-1749-4e79-a07b-738a6058095a,2,michaelenglish,*d19stg)G$8K,1961-04-05,german_1995@example.net
54157ed1-3dce-47ea-9283-c86f5af3e0e4,1,johnsonfrancisco,W%5^Ss)n2O2#,1999-01-28,anisimovbogdan@example.org
3bc45fd1-cd2a-45f5-af8c-850d8dbc1083,1,julianroberts,#2G$YA(zO!QR,1954-09-01,tony05@example.org
b57da9a7-5097-4746-bcc2-cc2799a8edeb,1,vblinova,@9J@IaUhmmLS,1955-09-06,efleming@example.org
653dcbd4-fe3d-4733-a45f-9ca995fa7060,1,janereyes,LgCfPdtM%4tE,1955-03-29,wardkatherine@example.com
f48dd359-94d5-4910-bde4-84638afeeaef,1,bolshakovmilan,S*(0QjkhaD9H,1967-05-29,fullerstephen@example.org
1d643788-8412-4d66-a23c-ecc7c2de61f8,3,arefi_51,!Z@hX#Amt1!g,1978-04-09,swillis@example.com
11da2b9b-5d19-470e-b1b6-4d2d1c9a57bb,3,mihail_52,El75J_Uk+*W5,1946-07-10,justinraymond@example.net
396cfb0b-2d4a-4b71-9dd7-94d47c1e2c79,3,fowlerjustin,$9GDZ*VGr3#R,1983-02-06,rmacias@example.org
7810ddd6-f860-4027-9016-e05e1b565b74,1,mcdonalddiane,_0nS3%0aTR1),2000-10-01,leonidromanov@example.net
7c9305c8-1558-47d2-a8c3-fda5d4ee9314,1,foti61,e4I8bj&7#eiO,1992-04-18,karla22@example.net
ce6a1a84-87d5-48fc-9dc7-6ed58545db44,1,kolesnikovapollinari,(mKcDJ&q1sf2,2007-09-30,abramovdemid@example.net
74400289-acc6-4c65-b69e-edcda4cf71f1,1,dementi_23,+UF*obti7!3Y,1951-04-14,sarahrich@example.org
750b0aee-98a8-4b68-ae0e-37cde117cf31,1,kaitlyn83,QzH64f*^$64f,1989-06-30,jmelnikova@example.com
138ad7f7-9feb-4def-85b7-f648e76d11c3,1,ostap32,F1!wwgP8*4Es,1961-10-13,borisovluka@example.com
4c9098bf-8c99-4ff5-a99c-8552e1f73553,1,panfilvasilev,r4)E77co_Y3N,1965-05-02,wlee@example.org
69ece6fe-1fff-4cf0-8b2e-cf3aee6a0e5b,1,uvarovdavid,sTWBw2hz4cF$,1973-07-26,ipat1990@example.net
a95be519-b39d-467e-b1f8-e49bcb3ad69b,1,evgenija02,R0swt$sG(eLr,1971-06-23,veniamin_2020@example.org
5f70de27-9dc5-47eb-9d8f-40778c51390f,1,feoktist58,*i6LwHuN0Y+r,1961-07-14,jhendricks@example.org
78e19762-ee9f-475b-a40c-0faaccfbd654,1,demid1993,jn0x(cpq_ANe,2002-05-22,gardnersteven@example.org
3aaf28b4-e7bd-48c1-8a94-19cc227cdc09,2,piercerobin,_VGR4SFpe#3e,1982-01-07,rjabovkallistrat@example.com
b6978e34-aded-469a-b785-38fdb9d11051,1,vissariondoronin,i$6Ozn1jW0yb,1979-03-16,uljanstrelkov@example.org
abeaa74e-6815-4ec2-9256-270c268869e4,1,ruizmichelle,_9$76L*IGuBn,1994-05-29,zhdanovamarina@example.com
3818c88c-1685-4077-9c09-a8878bfeed59,1,tefimov,1(^7XxIx8_*L,1947-02-04,pachecoabigail@example.net
9f139bde-78a8-466b-832f-80abfa9de39b,1,destinythompson,HkPniN_S_m^8,1954-06-23,afanasevafaina@example.org
d8a2e28c-6458-4500-8430-77ca9a39b713,1,terenti2016,&vEqyCO6F9@h,1982-10-04,amy00@example.net
b1fb9463-2139-43bd-9e46-5109e634bbfb,1,nchambers,UK8U5SuS!FL@,1966-12-16,spiridon2010@example.com
8ebcb0fd-e628-4d53-b6ad-6bc696e794a0,1,susan11,&egD9VYs+Mfn,1994-12-28,whall@example.net
562cbbdb-8853-4701-b359-b8cbce7da68f,1,ostap2019,#(8yK3djWzVL,2003-09-21,pantelemontarasov@example.net
ac944df2-b209-45bd-a7d4-be79297b8a23,1,maureen24,a($@PqfqJf6$,1977-08-27,melinda44@example.net
1f73c802-3135-4505-8067-dd49df708ff3,1,januari37,8boord++*fSQ,1989-12-11,alexandra81@example.org
8dc67df8-9ec5-4607-b8dc-44a28257d023,1,apollon52,%5sGHvI29&n8,1952-04-16,jonessarah@example.org
b16e8888-6723-4f1f-8edd-62ba973a851b,1,orehovruslan,P$b9hKdn0I4%,1979-09-21,jeremyharvey@example.com
db6f757a-97cb-4097-95a0-2fba37c3837c,1,victoriamiller,@R^W3%um!495,1968-04-12,kotovosip@example.com
4d8a6876-d372-4a65-ad61-41991fb80f0e,1,milan_1986,2iWqC0$LD$4C,1973-05-14,foxevan@example.com
da448545-3bc4-42b7-b461-e180f297b272,1,amber39,V&4hDDf8q_p4,1987-08-26,samsonovjuri@example.com
8d75b1df-4af6-4923-9259-d422a507c722,1,gerasimovajulija,0&p%@JyLQWH2,1950-10-06,agafon69@example.com
b69e4726-591d-4383-90c9-d5b57797fa9d,1,miron70,Xp(3VhzUKlq&,1994-08-24,roberto03@example.com
4b6cb6fe-3498-499a-9b57-f313d4649725,1,samuelturner,#1OJYmAr69J5,1978-06-18,tammymurphy@example.org
aead2363-4afb-43db-a1ca-002fd9cd642d,1,qshilova,g+5EbzBtk^7P,1990-08-15,porfiri2012@example.org
6b066716-19d3-410d-8201-ee0ef544868e,1,ilja79,1fynNVNw#1nE,1946-01-17,samantha14@example.com
42e155b7-d4a2-4da6-bf13-673b2deda303,1,djachkovalukija,53wBPphp%SYc,1983-03-29,gtorres@example.net
8dc3a35f-3735-423a-8b1f-e01a6f756ffa,3,david04,+a_3ZRvC3L6c,1992-01-11,jessica12@example.net
587a77bc-fe01-4fca-95eb-e9ac02365659,1,eduardohenry,#10UpPTeA^WU,1958-07-24,xnekrasov@example.com
93ad52f4-adb9-4a19-b959-b519438e97b4,1,rkonstantinov,(FRZWug^0yut,1945-02-26,echan@example.com
5e4dc95c-a2a4-463e-9f36-f15224794c17,1,ermil_07,$q0WsdZG31Es,2007-01-27,sazonovilarion@example.org
1a3aff60-df1b-4212-821d-2a1a9c3a57b2,1,sorokinvikenti,ckMAi#BpZ^T0,2002-03-16,luka60@example.org
e6a7d01a-315c-4e56-9c8f-1b50a03c674c,1,krjukovvsemil,+4ghzWkUm)MU,1974-05-08,jeremy93@example.com
bae38fd6-f02a-4f31-a46f-989de896cadb,1,pamela65,lKAIpZxf@8AQ,1951-08-22,iosif51@example.org
5237c5b9-9df5-470e-bd2f-ef9b4d21ab3b,1,agata_64,gwC7eGavP@2X,1990-01-27,gusevfoma@example.com
73bf2d14-70ad-4427-9a99-7daf732cf3eb,1,janice42,zm!O4FiDdC(x,1998-12-06,austinthomas@example.net
faf44291-a502-480f-a4a3-f672482165e8,1,ustin2022,7_d52Qr+ma^P,1999-09-15,johnyoung@example.org
fd997fa8-b093-4fd7-8be6-980f55096072,1,egorovsemen,8!QT73j_(131,1964-10-11,terriwilliams@example.org
50ef9aa1-e464-431c-9358-99a5cf88a4e7,2,denisovaregina,3xO9UHUJ%heP,1994-07-25,wrussell@example.org
25981fd0-3805-4dcf-b116-cbceb6a0d5f9,1,filippovaoktjabrina,IoW%x*iu^7iX,1986-05-20,nguyenchristopher@example.net
19b1ed2c-7341-4be2-a0b4-23330f7d5cd7,1,corehov,B#&W_rwvjX7K,1961-01-06,ermola08@example.com
dc91d997-d73f-4fd5-b8f5-cdbbf059df45,1,ana38,R(3RbjNAcm6^,2005-04-08,bjohnson@example.org
b623d9f7-4461-4ac2-b2a4-8f9378e61efb,1,stanislav_2022,_I$&8FldAIB&,1966-02-15,nicole18@example.org
d2622bb5-f503-4c2d-8491-4cd3536e1654,1,htodd,)oP7CPAs_6eY,1970-06-19,barnestimothy@example.org
679d5890-3be7-4d9a-814a-4a6f7d4b81bb,1,filipp_2017,f7QKfmYy+f4s,2005-09-05,melissarivas@example.com
e1382b30-d30a-4b51-bd98-b4600877bdd7,3,pavel_44,(7qZYRYkqI0O,1954-12-09,tihongerasimov@example.org
15cef08a-03ee-4b50-a985-85c05198e74c,1,williamsmith,c0EoTUqw^C(z,1993-09-04,komarovbronislav@example.net
d78bed79-97e2-4ac7-ad43-ecc195a5de80,2,melnikovjan,6wZ^tLb_xCJT,1946-03-31,uljan_1995@example.org
2cd5e347-55e9-4531-910d-79478393bcdd,1,firs73,RK947M^d#)6),1985-12-29,michelewright@example.com
6f8dc4dc-7faf-44d6-98a8-56d4c426a95a,1,stojan_72,UQ46)Zwav$az,1984-05-27,ruizjustin@example.org
eca897a4-5fab-458e-973c-a9a2dbb2fce9,1,benjamin06,BwbbTo7y@5g1,1965-04-04,vlasovhariton@example.net
2f4e5f95-b2b2-4344-b22f-922ef2bfe588,1,evstigne_70,&6IbnhbdPb6y,1977-10-05,stepanovernst@example.org
e9751d56-51ff-47af-9791-0011bf4caddb,1,rebeccacox,ql14N+#i2*_1,1959-11-26,markovdavid@example.org
e57f7102-99bd-468a-b502-2ceb7a1afc15,1,ntretjakov,U6aA)R!a)vWh,1988-04-19,fortunat_27@example.org
1ccc5d8c-14f8-4f05-99ff-6cb6759f215c,1,dobromisl89,1*8knjDbYM+e,1982-03-08,denisegarrett@example.net
15ab7973-bf4a-49f5-beb6-96aa3f50c951,1,zahar_2021,p5$Ffv@6&HFZ,1993-02-19,novikovamarina@example.net
3a5bacd1-6c6f-4794-b789-6c94439d4d5a,1,timofe1978,rBaE2_mi$6#M,1979-01-15,kaylafisher@example.com
4fceb300-427d-4c20-9437-5c222428b4c8,1,taylormichael,X@F3Iu$RIqR+,2004-07-23,belovaksenija@example.org
ab5ffeea-24a1-4cf7-b185-7094b44760ff,3,karlmaslov,HY%jGNs1!2J),1985-01-12,anani1991@example.net
e62a0ee6-edd9-478a-b7ac-6da435bdae05,1,vsemil_82,EpX*GTWh#3aG,1949-05-01,tverdislav_26@example.com
6f3ea93f-4141-4fe6-872e-9c0dd20dc268,1,seanwall,3c!84Maw%D5+,1951-08-31,aleksandra2011@example.com
36409db1-8a6c-4174-a431-8aed473f6c11,1,miroslav_34,!tmeJFCJ59Eq,1958-12-19,kazakovaagata@example.net
14d0dbad-2f37-4319-adca-8611bab0e1c1,1,zosima_2003,@wQT^f3M!i17,1984-03-20,ipat09@example.com
fe7bc626-ad9b-4648-a303-70b30d2d9a90,1,kyle62,G$1kPDFzp)pG,2007-02-05,tsvetkovefrem@example.org
5f6c5c73-39d6-4bb9-b073-30faacc6d093,1,danasanchez,^03PmYOiO%gR,1964-08-21,kristinamedina@example.com
aa6bc5db-faa4-489d-96de-8c84b3c70bee,1,hharper,@X^yG5g5c0Br,1955-05-29,stepan1974@example.com
18fbe1b4-8de7-48f0-907b-484ccf9729c9,1,contrerasdonald,e$jR%AnQT90*,1994-09-08,bsanchez@example.com
bd76bc6b-3a34-4c0f-99cc-62007438a7b9,1,shubinvitali,6&KHWvA6En0x,1954-01-10,svjatopolk_94@example.com
0cbeccc1-7e69-47ea-9672-656ad1ccdba2,1,dfrazier,(i9(O+nH2L3^,2006-04-12,sodintsov@example.com
2f2cade1-490d-49b6-b51b-f13da40971dc,1,xallen,k!i(SkO53v8Y,1947-07-11,hohlovferapont@example.com
f7ddbdd9-85c5-450d-bbeb-0160ff5339f8,1,ogriffith,yp6wSMNvb$4B,1981-05-13,denisescott@example.com
ec55e63f-4355-42c3-9a15-57bafeaff97a,1,solomon_2009,v3pHg3L9+562,1969-07-12,makarovilarion@example.com
f499d88b-1741-4297-bd97-8e90f3cafa8b,1,ktretjakov,_9AWYsKbajtm,1963-12-14,terenti2013@example.com
3ab9ac84-2f20-4b98-8069-3b588b2b3791,1,kornilovjuli,a#jEk&0qot9q,1958-02-03,victoria34@example.net
50dba18d-c869-4b70-ace8-4fbb67ff4e3c,1,melanie32,YAaFfJid_3E!,1997-02-23,josephwilliams@example.org
f42938c3-07e7-4a66-93f1-3e5b8d0455e3,1,lindsey38,&*w8nW3o1@Mg,1979-05-15,odintsovelizar@example.com
ab9ed86c-b90b-460e-aebd-031f8756344d,1,vsemil76,_QTgyxZX43)M,1964-03-15,sofonalekseev@example.net
0ea78b4b-27b0-4ffb-848d-b1382bd8221a,2,sila_16,Sr**2HIr$!k&,1973-07-27,larsonmalik@example.com
fae25e62-f2b3-460c-9b48-563523d8db21,1,isaac56,kJEWAiEw+9@5,1966-09-05,benjamin50@example.net
1422285c-3597-492f-a9b7-a059a175efdb,1,lauren40,(7^wdEFey&N6,1965-11-21,sidor58@example.com
68d13997-7d53-48aa-96b9-52ee97b012e7,1,wilsonmatthew,c6^NVq3g*V)p,1966-05-30,nhart@example.com
35a73dd9-2421-436a-b9ad-2c576a0b83b8,1,wmyers,G4UG+WRr&yyd,1996-03-11,athomas@example.net
c2ae16f3-9592-4d14-837f-e6cbceb5f00e,1,bogdan_20,6KXJusWN(HDJ,2001-02-05,wmartin@example.com
00c01c81-ac31-4932-991b-863bf1545b70,1,millerjennifer,%(O6swy4t56O,1945-04-27,ribakovanadezhda@example.net
f7dfdda6-0fc9-4787-a24a-dfa0c0073b7c,1,jaredreed,07u+y1uN&g%D,1981-10-24,afanasirodionov@example.net
8a58e842-32d7-4680-b6fb-7ceff170a353,1,josephortega,_gu2oTwwtNc^,1949-10-29,hchung@example.com
8a7d8373-ca85-4d99-b8aa-d0eeaa00b981,1,michael33,xfdF!y26^4BK,1957-05-15,syork@example.com
466ea59f-1e45-49cc-aad7-a1589ba4d6da,1,jonathanhansen,jC2+&SgkkcDl,1976-03-11,fedosi_2024@example.com
83eda8d6-2661-4bc3-ada5-3119b3ab9921,1,anisim67,em6WMtXc1)!B,1963-05-16,fokinaanzhela@example.net
75a2c2e2-c479-4aad-8891-83f96f786a6b,1,brenda79,&N3MpJmEiY$S,1985-06-11,faustin@example.org
942d3c73-609f-4b9d-b0af-06788958aae3,3,darryl13,nyT^9MZkEBu9,1976-06-26,sbarber@example.com
c207fafd-c310-4d8d-bb2d-b82ff7c91bac,1,parfenkulikov,6*QVjHcR*lt+,1951-04-08,michael52@example.com
727ad7f9-08bf-4355-bca7-b9934d0838bf,1,melissa54,v+6oJr)z4xAq,2004-01-02,jbrewer@example.net
5d2bae6f-04c1-4904-a7de-75e743bee1b5,1,vasili_2019,vQCguSOp_*14,1969-06-06,mooretammie@example.net
55c7a81a-9515-4f47-bc34-a62bbbf22375,1,madison42,$Lrm4Ua^(0Nc,1981-07-17,phenry@example.org
daef6d40-8a6b-4cca-96c9-a250dfdc9a85,3,shepardsophia,n9UTpiJ%#HvL,1982-03-23,ivanovataisija@example.com
218c23b5-a9c7-4a22-b79b-8f8b06869c24,1,matthew20,t6UiHHkt!^_L,1984-07-06,chelsea96@example.net
92193142-45ca-467b-9473-2d641889a6b0,1,bpetuhova,wE5E3Hrxp_TV,1964-11-29,christopheroneill@example.net
3d1af517-9a26-491f-b68b-69a239eb033b,2,adrianquinn,7@tUj5CzKn+i,1990-02-13,ufischer@example.org
ae2c0d0c-ebe2-46eb-a1d3-cf926494181b,1,vasilisa_2019,_@Ss4Z7oV2pw,1991-06-01,trifon17@example.org
2e61aeca-cb6e-479e-8942-1d38b4d190c8,3,vhunt,xV%6N*Lj^Q6(,2004-04-19,vseslav_1979@example.org
f26334a1-eede-4ba5-be9c-5167850180c2,1,vpanov,q&4RFFAb8(*!,1952-05-27,sershova@example.org
a9f72a87-afa8-450b-b4b0-6838a7c7fa04,1,aleksandrovvsevolod,!CYk!Uof8E*^,1974-04-07,grigori12@example.org
f239d5db-e7f0-438c-87ef-60858358853f,1,rmcintyre,nmA6MHHw!n4t,1975-02-10,bmelnikov@example.org
2fea2e70-29ad-42e8-9ef0-50f51f5e6552,1,juri_31,*7i%Ptzu@ORg,1984-07-16,jason70@example.net
69dca1d8-320b-4159-a216-9b7bd920019e,1,titovdemjan,M!H0JNFm1)Lf,1952-05-24,rlihachev@example.com
52396631-d9be-4a51-80a4-a4d0b652b354,1,jagafonova,uJPsv!yp#82H,1961-04-30,emil_91@example.org
f24678d0-4236-4b39-84e6-b85e7fa0460c,3,german_2018,#!#Q%5RmCTeW,1981-05-18,savinaninel@example.net
986bd185-42f3-40ac-82f2-88cd011a4ea1,1,jeffreyrivera,GN@S5XYbR)_(,1965-03-03,nikita2008@example.net
350bc1a0-90ad-4ec4-ba6d-ff7a9668a0a7,1,connie09,+H7CwsTaJld3,1956-04-15,fterenteva@example.com
2f92c828-4bc4-4a43-96ab-c9348bb79fd1,1,sgureva,*26YLdWHzYS4,1978-01-13,makarovafaina@example.org
887533cf-a2ac-46e8-9710-51056facbc5e,1,jonesshelley,QbUqRg7s+5Lg,1948-07-20,ladimirsavelev@example.com
33edb8ea-c020-4c7d-9554-76bd75ef0581,1,lmihalov,x*P+QXGgKI8*,1961-02-03,dparks@example.org
72f26ab8-d4fc-4e7b-a0ca-1f2dd395c624,1,arefi_2015,IhPXbr+51@p$,1958-08-16,amberclark@example.org
84bf5a68-04dc-4506-9a85-9d4b8aa782e7,1,nikolaevsilanti,_Z9IBEs38+H1,1993-10-25,ilarion42@example.org
6b3f6d51-e210-4079-a35b-a71e18799b8f,1,bergcarolyn,w8sUeG%X(CQC,1973-09-07,fmorozova@example.com
4778b3c9-a273-4114-8315-0ca12804f153,2,tantonova,4#32ovTl359%,1989-10-08,sarahwilliams@example.com
3699aba9-ee4d-4c22-af30-948884f38bf2,3,mirandasandra,2bLXqqz3(+9t,1974-06-25,kapustinzosima@example.org
a903d3c0-9684-4156-9e68-9ae654ddc6e4,1,areyes,ctjH3BGsX+#P,1978-11-13,mooretracey@example.com
4954a833-aded-446e-8338-0235ef68914f,1,milen_1995,*@71X8lyYKW9,1957-11-16,aggekarpov@example.org
7d814650-322b-49b4-bfc4-26bce49f9fa5,1,joshua47,)F858#rVkbtM,1993-07-17,ladislav77@example.net
97deee39-151e-4d36-b172-71d6373ef836,1,ricky43,c!6X^6#c#)L!,1966-04-14,carolburke@example.net
98851890-5eae-4eb0-a008-a896d68fdb03,1,hhunter,M7grCPfH+9MW,2000-10-03,mbailey@example.org
3c7b4577-26d1-46db-a738-52e2c60346d7,1,nekrasovkirill,_s*3+6Nln45H,2001-11-18,fmiller@example.com
7097bf66-44f3-484d-ac69-921c0c938481,1,kondrati2020,#o_mxXDnJdp4,1965-08-07,brianjohnson@example.net
e8cb45f3-29fa-49d1-bef5-3e8571353272,1,savinruslan,rQDA#IEj#J5X,1957-07-26,adam_2021@example.com
b797fb2d-8182-446c-a37e-a441b0772f53,1,urussell,#74KVR^epzZ),1975-10-25,vickibrown@example.org
64e5359f-8f1e-4fc9-a3e5-0dc2a03cbb21,1,hilljeremiah,CQ+4sQQa@6Qj,1980-09-18,egorovsemen@example.com
a2d81be8-dc08-45ce-a3f9-c7c84a92231a,1,alawson,j4NQl0_Bg4h#,1978-12-07,zwilson@example.com
19a02b4a-5a30-4dc1-b4b1-23bc02512e38,1,evseevmartin,VUq!D2PmesmF,1994-06-03,annegordon@example.org
0ea9333b-717a-493c-a1bb-f413ba32c29a,2,avdeevamilitsa,)41k1XL$HwR6,1977-08-18,german1984@example.net
b70f5553-9dac-4db2-a97a-e3874fd5e8b8,3,martjan_62,+whR6^rk2K#W,1957-06-28,fedot27@example.org
fa0b49ff-7a28-49a5-83d2-cc3f15a3a992,1,blairsarah,jb2)dGmio%IN,1996-02-22,valerie06@example.net
ad0dc11b-b07a-44e9-be24-51440e27cd0f,1,paulaanderson,E0VZexXl)zb9,1954-01-26,henryrobert@example.com
df001d89-2e3f-4ea5-8038-55c2b44b2748,1,jbolton,#uqJ24%6n9_N,1998-02-13,semenovartem@example.com
c6c04887-ef59-401f-818b-4f8f8246210a,1,glafira_2002,YoKcZyLC@6Wa,2004-08-10,njohnson@example.net
1e48fa79-600b-4eef-85fa-84e144db4f49,1,baranovevgeni,79*zZSzyN4K8,1993-11-20,williamsconnie@example.com
ec196ed7-d410-4a06-88b9-d1557b96d165,1,aksenovbronislav,03oF5rba%9G+,1991-09-14,vorontsovspiridon@example.org
fb7eff9c-70e3-4f90-8fe8-1ff831203b77,1,thomas77,+2AkGyPlB&0H,1981-11-07,tsvetkovtvorimir@example.net
a10c98ba-0040-4789-a6cc-77dec184394e,2,vbarker,9eWng4cb*Plv,2003-10-16,nicoleking@example.org
391d6873-fb6a-486b-a8f9-d8965502b6e5,3,rachelvargas,o)@zHJAzcP+5,1946-02-28,jessicaosborne@example.com
6e62abcd-11ad-4dcb-8cf9-3ca781e3d2f5,1,naumovanaina,rcAVxZgO&2YR,1964-09-12,anisim2016@example.com
d85f55db-a366-4466-bf9d-cde2edbe96df,1,williamsonjared,!97cC%4*2$SE,1983-07-31,perrynicholas@example.net
05636d88-47cc-4893-ab75-8c262909422e,1,timothydixon,Uh(2Msa#ScEH,1955-09-11,larisa_28@example.org
65a1b400-1592-4f67-b6fc-7f0c9d51be68,1,veniaminzhuravlev,zRz0P6^A%6Lr,2001-12-11,laura12@example.net
ba6fecbf-a622-427a-9acc-6f6f4ab8d158,1,nosovevse,(hP6rSQoZ71m,2004-03-15,msoboleva@example.org
1f1a368b-884e-4c7d-9f8c-20eb63655d37,1,staceymarshall,jXFSJdgWji(4,1999-10-28,andreagross@example.net
77c7a659-422a-4b0f-9c79-515d882d5327,1,bogdansmirnov,+GqZSix(Z15*,2001-02-04,lidija61@example.org
50d3772e-ef76-46cd-ae89-d213fd7984f0,1,lebedevmaksimiljan,jC4Xq7Ze+)^8,1999-10-04,petersonolivia@example.org
0ebcbbab-f790-44ce-9f5d-a43680d8ca98,1,christopherkey,dw(x7I3c&2IV,1998-11-14,belozerovaaleksandra@example.com
